/*
SQLyog Ultimate v12.5.1 (64 bit)
MySQL - 5.7.33 : Database - bencana
*********************************************************************
*/

/*!40101 SET NAMES utf8 */;

/*!40101 SET SQL_MODE=''*/;

/*!40014 SET @OLD_UNIQUE_CHECKS=@@UNIQUE_CHECKS, UNIQUE_CHECKS=0 */;
/*!40014 SET @OLD_FOREIGN_KEY_CHECKS=@@FOREIGN_KEY_CHECKS, FOREIGN_KEY_CHECKS=0 */;
/*!40101 SET @OLD_SQL_MODE=@@SQL_MODE, SQL_MODE='NO_AUTO_VALUE_ON_ZERO' */;
/*!40111 SET @OLD_SQL_NOTES=@@SQL_NOTES, SQL_NOTES=0 */;
CREATE DATABASE /*!32312 IF NOT EXISTS*/`bencana` /*!40100 DEFAULT CHARACTER SET latin1 */;

USE `bencana`;

/*Table structure for table `juknis` */

DROP TABLE IF EXISTS `juknis`;

CREATE TABLE `juknis` (
  `id_juknis` int(11) NOT NULL AUTO_INCREMENT,
  `nama_juknis` varchar(255) COLLATE latin1_general_ci DEFAULT NULL,
  `link_juknis` varchar(300) COLLATE latin1_general_ci DEFAULT NULL,
  `file_juknis` varchar(255) COLLATE latin1_general_ci DEFAULT NULL,
  `created_at` timestamp NULL DEFAULT NULL,
  `created_by` varchar(100) COLLATE latin1_general_ci DEFAULT NULL,
  `updated_at` timestamp NULL DEFAULT NULL,
  `updated_by` varchar(100) COLLATE latin1_general_ci DEFAULT NULL,
  PRIMARY KEY (`id_juknis`)
) ENGINE=InnoDB AUTO_INCREMENT=3 DEFAULT CHARSET=latin1 COLLATE=latin1_general_ci;

/*Data for the table `juknis` */

insert  into `juknis`(`id_juknis`,`nama_juknis`,`link_juknis`,`file_juknis`,`created_at`,`created_by`,`updated_at`,`updated_by`) values 
(1,'Alur Pengusulan KP PERSONAL','http://portal-bkpsdm.temanggungkab.go.id/sim.v2/online2/modul/ALUR_KP_PERSONAL.pdf',NULL,'2023-12-01 14:10:21','bidang1',NULL,NULL),
(2,'Alur Pengusulan KP UMPEG','http://portal-bkpsdm.temanggungkab.go.id/sim.v2/online2/modul/ALUR_KP_UMPEG.pdf',NULL,'2023-12-01 14:10:48','bidang1','2023-12-01 14:15:15','bidang1');

/*Table structure for table `kejadian` */

DROP TABLE IF EXISTS `kejadian`;

CREATE TABLE `kejadian` (
  `id_kejadian` int(11) NOT NULL AUTO_INCREMENT,
  `jenis_bencana` int(11) DEFAULT NULL COMMENT 'tabel master',
  `jenis_kejadian` int(11) DEFAULT NULL COMMENT 'tabel master',
  `tanggal` date DEFAULT NULL,
  `waktu` time DEFAULT NULL,
  `kecamatan` int(11) DEFAULT NULL,
  `desa` int(11) DEFAULT NULL,
  `alamat` varchar(200) DEFAULT NULL,
  `long` varchar(20) DEFAULT NULL,
  `lat` varchar(20) DEFAULT NULL,
  `is_kejadian` int(1) DEFAULT NULL,
  `is_bencana` int(1) DEFAULT NULL,
  `status_korban` int(11) DEFAULT NULL COMMENT 'tabel master',
  `jumlah_korban` int(11) DEFAULT NULL,
  `jenis_kerusakan` int(11) DEFAULT NULL COMMENT 'tabel master',
  `status_kerusakan` int(11) DEFAULT NULL COMMENT 'tabel master',
  `jumlah_kerusakan` int(11) DEFAULT NULL,
  `rp_kerusakan` double DEFAULT NULL,
  `keterangan` varchar(500) DEFAULT NULL,
  `status_assesment` int(1) DEFAULT '0',
  `status_dropping_logistik` int(1) DEFAULT '0',
  `status_dropping_bbr` int(1) DEFAULT '0',
  `status_rehab` int(1) DEFAULT '0',
  `kronologi` varchar(500) DEFAULT NULL,
  `pelapor` varchar(50) DEFAULT NULL,
  `trc` int(11) DEFAULT NULL,
  `foto` varchar(100) DEFAULT NULL,
  `created_at` datetime DEFAULT NULL,
  `created_by` varchar(20) DEFAULT NULL,
  `updated_at` datetime DEFAULT NULL,
  `updated_by` varchar(20) DEFAULT NULL,
  PRIMARY KEY (`id_kejadian`)
) ENGINE=InnoDB DEFAULT CHARSET=latin1;

/*Data for the table `kejadian` */

/*Table structure for table `korban` */

DROP TABLE IF EXISTS `korban`;

CREATE TABLE `korban` (
  `id_korban` int(11) NOT NULL AUTO_INCREMENT,
  `id_kejadian` int(11) DEFAULT NULL,
  `nama_korban` varchar(20) DEFAULT NULL,
  `jml_kk` int(11) DEFAULT NULL,
  `jml_warga` int(11) DEFAULT NULL,
  PRIMARY KEY (`id_korban`)
) ENGINE=InnoDB DEFAULT CHARSET=latin1;

/*Data for the table `korban` */

/*Table structure for table `m_bencana` */

DROP TABLE IF EXISTS `m_bencana`;

CREATE TABLE `m_bencana` (
  `id_m_bencana` int(11) NOT NULL AUTO_INCREMENT,
  `id_m_klasifikasi` int(11) DEFAULT NULL,
  `nama_bencana` varchar(100) DEFAULT NULL,
  `created_at` datetime DEFAULT NULL,
  `created_by` varchar(20) DEFAULT NULL,
  `updated_at` datetime DEFAULT NULL,
  `updated_by` varchar(20) DEFAULT NULL,
  `isactive` int(1) DEFAULT NULL,
  PRIMARY KEY (`id_m_bencana`)
) ENGINE=InnoDB DEFAULT CHARSET=latin1;

/*Data for the table `m_bencana` */

/*Table structure for table `m_desa` */

DROP TABLE IF EXISTS `m_desa`;

CREATE TABLE `m_desa` (
  `id_desa` int(11) NOT NULL,
  `kode_kecamatan` varchar(5) DEFAULT NULL,
  `kode_desa` varchar(5) DEFAULT NULL,
  `kode_desa_dagri` varchar(50) DEFAULT NULL,
  `nama_desa` varchar(20) DEFAULT NULL,
  `id_kecamatan` int(11) DEFAULT NULL,
  `geo_file` varchar(50) DEFAULT NULL,
  `geo_color` varchar(10) DEFAULT NULL,
  `geo_icon` varchar(20) DEFAULT NULL,
  `long` varchar(100) DEFAULT NULL,
  `lat` varchar(100) DEFAULT NULL,
  `created_at` datetime DEFAULT NULL,
  `created_by` varchar(20) DEFAULT NULL,
  `updated_at` datetime DEFAULT NULL,
  `updated_by` varchar(20) DEFAULT NULL,
  `isactive` int(1) DEFAULT NULL
) ENGINE=InnoDB DEFAULT CHARSET=latin1 ROW_FORMAT=DYNAMIC;

/*Data for the table `m_desa` */

insert  into `m_desa`(`id_desa`,`kode_kecamatan`,`kode_desa`,`kode_desa_dagri`,`nama_desa`,`id_kecamatan`,`geo_file`,`geo_color`,`geo_icon`,`long`,`lat`,`created_at`,`created_by`,`updated_at`,`updated_by`,`isactive`) values 
(1,'KEC18','DES01','33.23.18.2001','BEJEN',18,'Desa Bejen.geojson','#800000',NULL,'110.082958','-7.125810',NULL,NULL,NULL,NULL,NULL),
(2,'KEC01','DES01','33.23.01.2001','BULU',1,'Desa Bulu.geojson','#800000',NULL,'110.128360','-7.293126',NULL,NULL,NULL,NULL,NULL),
(3,'KEC01','DES02','33.23.01.2002','TEGALURUNG',1,'Desa Tegalurung.geojson','#800000',NULL,'110.117159','-7.292547',NULL,NULL,NULL,NULL,NULL),
(4,'KEC01','DES03','33.23.01.2003','CAMPURSARI',1,'Desa Campursari.geojson','#800000',NULL,'110.121027','-7.284496',NULL,NULL,NULL,NULL,NULL),
(5,'KEC01','DES04','33.23.01.2004','GANDUREJO',1,'Desa Gandurejo.geojson','#800000',NULL,'110.092095','-7.303402',NULL,NULL,NULL,NULL,NULL),
(6,'KEC01','DES05','33.23.01.2005','TEGALREJO',1,'Desa Tegalrejo.geojson','#800000',NULL,'110.102370','-7.295799',NULL,NULL,NULL,NULL,NULL),
(7,'KEC01','DES06','33.23.01.2006','GONDOSULI',1,'Desa Gondosuli.geojson','#800000',NULL,'110.107819','-7.302927',NULL,NULL,NULL,NULL,NULL),
(8,'KEC01','DES07','33.23.01.2007','NGIMBRANG',1,'Desa Ngimbrang.geojson','#800000',NULL,'110.139888','-7.294349',NULL,NULL,NULL,NULL,NULL),
(9,'KEC01','DES08','33.23.01.2008','PUTAT',1,'Desa Putat.geojson','#800000',NULL,'110.145856','-7.288602',NULL,NULL,NULL,NULL,NULL),
(10,'KEC01','DES09','33.23.01.2009','DANUPAYAN',1,'Desa Danupayan.geojson','#800000',NULL,'110.144953','-7.306405',NULL,NULL,NULL,NULL,NULL),
(11,'KEC01','DES10','33.23.01.2010','MONDORETNO',1,'Desa Mondoretno.geojson','#800000',NULL,'110.134330','-7.304941',NULL,NULL,NULL,NULL,NULL),
(12,'KEC01','DES11','33.23.01.2011','PANDEMULYO',1,'Desa Pandemulyo.geojson','#800000',NULL,'110.135269','-7.320032',NULL,NULL,NULL,NULL,NULL),
(13,'KEC01','DES12','33.23.01.2012','PASURUAN',1,'Desa Pasuruhan.geojson','#800000',NULL,'110.114223','-7.308385',NULL,NULL,NULL,NULL,NULL),
(14,'KEC01','DES13','33.23.01.2013','PAKUREJO',1,'Desa Pakurejo.geojson','#800000',NULL,'110.123417','-7.310620',NULL,NULL,NULL,NULL,NULL),
(15,'KEC01','DES14','33.23.01.2014','MALANGSARI',1,'Desa Malangsari.geojson','#800000',NULL,'110.121350','-7.319991',NULL,NULL,NULL,NULL,NULL),
(16,'KEC01','DES15','33.23.01.2015','PAGERGUNUNG',1,'Desa Pagergunung.geojson','#800000',NULL,'110.290159','-7.317930',NULL,NULL,NULL,NULL,NULL),
(17,'KEC01','DES16','33.23.01.2016','WONOSARI',1,'Desa Wonosari.geojson','#800000',NULL,'110.100051','-7.335568',NULL,NULL,NULL,NULL,NULL),
(18,'KEC01','DES17','33.23.01.2017','BANSARI',1,'Desa Bansari.geojson','#800000',NULL,'110.103968','-7.341029',NULL,NULL,NULL,NULL,NULL),
(19,'KEC01','DES18','33.23.01.2018','WONOTIRTO',1,'Desa Wonotirto.geojson','#800000',NULL,'110.080463','-7.335185',NULL,NULL,NULL,NULL,NULL),
(20,'KEC01','DES19','33.23.01.2019','PENGILON',1,'Desa Pengilon.geojson','#800000',NULL,'110.121693','-7.305986',NULL,NULL,NULL,NULL,NULL),
(21,'KEC02','DES01','33.23.02.2001','TEMBARAK',2,'Desa Tembarak.geojson','#800000',NULL,'110.191664','-7.358383',NULL,NULL,NULL,NULL,NULL),
(22,'KEC02','DES02','33.23.02.2002','MENGGORO',2,'Desa Menggoro.geojson','#800000',NULL,'110.182792','-7.360352',NULL,NULL,NULL,NULL,NULL),
(23,'KEC02','DES03','33.23.02.2003','PURWODADI',2,'Desa Purwodadi.geojson','#800000',NULL,'110.170755','-7.367754',NULL,NULL,NULL,NULL,NULL),
(24,'KEC02','DES05','33.23.02.2005','KEMLOKO',2,'Desa Kemloko.geojson','#800000',NULL,'110.220856','-7.298133',NULL,NULL,NULL,NULL,NULL),
(25,'KEC02','DES06','33.23.02.2006','GANDU',2,'Desa Gandu.geojson','#800000',NULL,'110.141798','-7.357638',NULL,NULL,NULL,NULL,NULL),
(26,'KEC02','DES07','33.23.02.2007','BOTOPUTIH',2,'Desa Botoputih.geojson','#800000',NULL,'110.157729','-7.355131',NULL,NULL,NULL,NULL,NULL),
(27,'KEC02','DES08','33.23.02.2008','TAWANGSARI',2,'Desa Tawangsari.geojson','#800000',NULL,'110.160585','-7.363722',NULL,NULL,NULL,NULL,NULL),
(28,'KEC02','DES09','33.23.02.2009','GREGES',2,'Desa Greges.geojson','#800000',NULL,'110.172857','-7.353348',NULL,NULL,NULL,NULL,NULL),
(29,'KEC02','DES10','33.23.02.2010','KRAJAN',2,'Desa Krajan.geojson','#800000',NULL,'110.163036','-7.346190',NULL,NULL,NULL,NULL,NULL),
(30,'KEC02','DES11','33.23.02.2011','JRAGAN',2,'Desa Jragan.geojson','#800000',NULL,'110.158073','-7.342965',NULL,NULL,NULL,NULL,NULL),
(31,'KEC02','DES12','33.23.02.2012','DRONO',2,'Desa Drono.geojson','#800000',NULL,'110.144901','-7.351848',NULL,NULL,NULL,NULL,NULL),
(32,'KEC02','DES13','33.23.02.2013','BANARAN',2,'Desa Banaran.geojson','#800000',NULL,'110.119420','-7.368104',NULL,NULL,NULL,NULL,NULL),
(33,'KEC03','DES11','33.23.03.2011','JOHO',3,'Blok Joho.geojson','#800000',NULL,'110.150274','-7.300269',NULL,NULL,NULL,NULL,NULL),
(34,'KEC03','DES17','33.23.03.2017','GUNTUR',3,'Blok Guntur.geojson','#800000',NULL,'110.207034','-7.328004',NULL,NULL,NULL,NULL,NULL),
(35,'KEC03','DES19','33.23.03.2019','LUNGGE',3,'Blok Lungge.geojson','#800000',NULL,'110.204188','-7.346844',NULL,NULL,NULL,NULL,NULL),
(36,'KEC03','DES20','33.23.03.2020','MUDAL',3,'Blok Mudal.geojson','#800000',NULL,'110.184180','-7.340219',NULL,NULL,NULL,NULL,NULL),
(37,'KEC03','DES21','33.23.03.2021','GILINGSARI',3,'Blok Gilingsari.geojson','#800000',NULL,'110.153455','-7.316442',NULL,NULL,NULL,NULL,NULL),
(38,'KEC03','DES23','33.23.03.2024','NAMPIREJO',3,'Blok Nampirejo.geojson','#800000',NULL,'110.189642','-7.349387',NULL,NULL,NULL,NULL,NULL),
(39,'KEC04','DES01','33.23.04.2001','PRINGSURAT',4,'Desa Pringsurat.geojson','#800000',NULL,'110.288979','-7.350308',NULL,NULL,NULL,NULL,NULL),
(40,'KEC04','DES02','33.23.04.2002','KEBUMEN',4,'Desa Kebumen.geojson','#800000',NULL,'110.273672','-7.359106',NULL,NULL,NULL,NULL,NULL),
(41,'KEC04','DES03','33.23.04.2003','SOROPADAN',4,'Desa Soropadan.geojson','#800000',NULL,'110.265522','-7.371461',NULL,NULL,NULL,NULL,NULL),
(42,'KEC04','DES04','33.23.04.2004','KUPEN',4,'Desa Kupen.geojson','#800000',NULL,'110.247327','-7.360815',NULL,NULL,NULL,NULL,NULL),
(43,'KEC04','DES05','33.23.04.2005','KARANGWUNI',4,'Desa Karangwuni.geojson','#800000',NULL,'110.268746','-7.342380',NULL,NULL,NULL,NULL,NULL),
(44,'KEC04','DES06','33.23.04.2006','GOWAK',4,'Desa Gowak.geojson','#800000',NULL,'110.292029','-7.332092',NULL,NULL,NULL,NULL,NULL),
(45,'KEC04','DES07','33.23.04.2007','REJOSARI',4,'Desa Rejosari.geojson','#800000',NULL,'110.305607','-7.350467',NULL,NULL,NULL,NULL,NULL),
(46,'KEC04','DES08','33.23.04.2008','NGIPIK',4,'Desa Ngipik.geojson','#800000',NULL,'110.312707','-7.338846',NULL,NULL,NULL,NULL,NULL),
(47,'KEC04','DES10','33.23.04.2010','KLEPU',4,'Desa Klepu.geojson','#800000',NULL,'110.307960','-7.315767',NULL,NULL,NULL,NULL,NULL),
(48,'KEC04','DES11','33.23.04.2011','SOBOREJO',4,'Desa Soborejo.geojson','#800000',NULL,'110.313614','-7.296880',NULL,NULL,NULL,NULL,NULL),
(49,'KEC04','DES12','33.23.04.2012','NGLOROG',4,'Desa Nglorog.geojson','#800000',NULL,'110.287163','-7.305771',NULL,NULL,NULL,NULL,NULL),
(50,'KEC04','DES13','33.23.04.2013','PAGERGUNUNG',4,'Desa Pagergunung.geojson','#800000',NULL,'110.290159','-7.317930',NULL,NULL,NULL,NULL,NULL),
(51,'KEC04','DES14','33.23.04.2014','WONOKERSO',4,'Desa Wonokerso.geojson','#800000',NULL,'110.301292','-7.279718',NULL,NULL,NULL,NULL,NULL),
(52,'KEC05','DES01','33.23.05.2001','KALORAN',5,'Desa Kaloran.geojson','#800000',NULL,'110.247512','-7.245586',NULL,NULL,NULL,NULL,NULL),
(53,'KEC05','DES02','33.23.05.2002','TLOGOWUNGU',5,'Desa Tlogowungu.geojson','#800000',NULL,'110.253960','-7.272656',NULL,NULL,NULL,NULL,NULL),
(54,'KEC05','DES03','33.23.05.2003','GANDON',5,'Desa Gandon.geojson','#800000',NULL,'110.238944','-7.284630',NULL,NULL,NULL,NULL,NULL),
(55,'KEC05','DES04','33.23.05.2004','TLETER',5,'Desa Tleter.geojson','#800000',NULL,'110.272133','-7.287252',NULL,NULL,NULL,NULL,NULL),
(56,'KEC05','DES05','33.23.05.2005','GETAS',5,'Desa Getas.geojson','#800000',NULL,'110.276184','-7.270891',NULL,NULL,NULL,NULL,NULL),
(57,'KEC05','DES06','33.23.05.2006','KALIMANGGIS',5,'Desa Kalimanggis.geojson','#800000',NULL,'110.264344','-7.248689',NULL,NULL,NULL,NULL,NULL),
(58,'KEC05','DES07','33.23.05.2007','TEMPURAN',5,'Desa Tempuran.geojson','#800000',NULL,'110.233041','-7.239421',NULL,NULL,NULL,NULL,NULL),
(59,'KEC05','DES08','33.23.05.2008','KEMIRI',5,'Desa Kemiri.geojson','#800000',NULL,'110.224075','-7.261691',NULL,NULL,NULL,NULL,NULL),
(60,'KEC05','DES09','33.23.05.2009','GEBLOG',5,'Desa Geblog.geojson','#800000',NULL,'110.223141','-7.275661',NULL,NULL,NULL,NULL,NULL),
(61,'KEC05','DES10','33.23.05.2010','TEGOWANUH',5,'Desa Tegowanuh.geojson','#800000',NULL,'110.203041','-7.291672',NULL,NULL,NULL,NULL,NULL),
(62,'KEC05','DES11','33.23.05.2011','KEBLUKAN',5,'Desa Keblukan.geojson','#800000',NULL,'110.207308','-7.279145',NULL,NULL,NULL,NULL,NULL),
(63,'KEC05','DES12','33.23.05.2012','TEPUSEN',5,'Desa Tepusen.geojson','#800000',NULL,'110.206288','-7.261163',NULL,NULL,NULL,NULL,NULL),
(64,'KEC05','DES13','33.23.05.2013','GANDULAN',5,'Desa Gandulan.geojson','#800000',NULL,'110.206021','-7.305037',NULL,NULL,NULL,NULL,NULL),
(65,'KEC05','DES14','33.23.05.2014','KWARAKAN',5,'Desa Kwarakan.geojson','#800000',NULL,'110.282836','-7.294587',NULL,NULL,NULL,NULL,NULL),
(66,'KEC06','DES01','33.23.06.2001','KANDANGAN',6,'Desa Kandangan.geojson','#800000',NULL,'110.189864','-7.255129',NULL,NULL,NULL,NULL,NULL),
(67,'KEC06','DES02','33.23.06.2002','BALEDU',6,'Desa Baledu.geojson','#800000',NULL,'110.169905','-7.258716',NULL,NULL,NULL,NULL,NULL),
(68,'KEC06','DES03','33.23.06.2003','CARUBAN',6,'Desa Caruban.geojson','#800000',NULL,'110.181148','-7.262715',NULL,NULL,NULL,NULL,NULL),
(69,'KEC06','DES04','33.23.06.2004','WADAS',6,'Desa Wadas.geojson','#800000',NULL,'110.192750','-7.275718',NULL,NULL,NULL,NULL,NULL),
(70,'KEC06','DES05','33.23.06.2005','SAMIRANAN',6,'Desa Samiranan.geojson','#800000',NULL,'110.205084','-7.252103',NULL,NULL,NULL,NULL,NULL),
(71,'KEC06','DES06','33.23.06.2006','NGEMPLAK',6,'Desa Ngemplak.geojson','#800000',NULL,'110.214667','-7.229034',NULL,NULL,NULL,NULL,NULL),
(72,'KEC06','DES07','33.23.06.2007','KEMBANGSARI',6,'Desa Kembangsari.geojson','#800000',NULL,'110.202735','-7.241908',NULL,NULL,NULL,NULL,NULL),
(73,'KEC06','DES08','33.23.06.2008','GESING',6,'Desa Gesing.geojson','#800000',NULL,'110.186264','-7.234636',NULL,NULL,NULL,NULL,NULL),
(74,'KEC06','DES09','33.23.06.2009','MARGOLELO',6,'Desa Margolelo.geojson','#800000',NULL,'110.219328','-7.197099',NULL,NULL,NULL,NULL,NULL),
(75,'KEC06','DES10','33.23.06.2010','BLIMBING',6,'Desa Blimbing.geojson','#800000',NULL,'110.201987','-7.204752',NULL,NULL,NULL,NULL,NULL),
(76,'KEC06','DES11','33.23.06.2011','KEDUNGUMPUL',6,'Desa Kedungumpul.geojson','#800000',NULL,'110.182122','-7.285648',NULL,NULL,NULL,NULL,NULL),
(77,'KEC06','DES12','33.23.06.2012','ROWO',6,'Desa Rowo.geojson','#800000',NULL,'110.161524','-7.244477',NULL,NULL,NULL,NULL,NULL),
(78,'KEC06','DES13','33.23.06.2013','MALEBO',6,'Desa Malebo.geojson','#800000',NULL,'110.167511','-7.234318',NULL,NULL,NULL,NULL,NULL),
(79,'KEC06','DES14','33.23.06.2014','TLOGOPUCANG',6,'Desa Tlogopucang.geojson','#800000',NULL,'110.238532','-7.217834',NULL,NULL,NULL,NULL,NULL),
(80,'KEC06','DES15','33.23.06.2015','KEDAWUNG',6,'Desa Kedawung.geojson','#800000',NULL,'110.242468','-7.200290',NULL,NULL,NULL,NULL,NULL),
(81,'KEC06','DES16','33.23.06.2016','BANJARSARI',6,'Desa Banjarsari.geojson','#800000',NULL,'110.188731','-7.210066',NULL,NULL,NULL,NULL,NULL),
(82,'KEC07','DES01','33.23.07.2001','KEDU',7,'Desa Kedu.geojson','#800000',NULL,'110.160243','-7.273746',NULL,NULL,NULL,NULL,NULL),
(83,'KEC07','DES02','33.23.07.2002','CANDIMULYO',7,'Desa Candimulyo.geojson','#800000',NULL,'110.169991','-7.279011',NULL,NULL,NULL,NULL,NULL),
(84,'KEC07','DES03','33.23.07.2003','SALAMSARI',7,'Desa Salamsari.geojson','#800000',NULL,'110.159234','-7.289005',NULL,NULL,NULL,NULL,NULL),
(85,'KEC07','DES04','33.23.07.2004','DANUREJO',7,'Desa Danurejo.geojson','#800000',NULL,'110.140817','-7.282160',NULL,NULL,NULL,NULL,NULL),
(86,'KEC07','DES05','33.23.07.2005','MOJOTENGAH',7,'Desa Mojotengah.geojson','#800000',NULL,'110.136790','-7.274407',NULL,NULL,NULL,NULL,NULL),
(87,'KEC07','DES06','33.23.07.2006','KARANGTEJO',7,'Desa Karangtejo.geojson','#800000',NULL,'110.150044','-7.267066',NULL,NULL,NULL,NULL,NULL),
(88,'KEC07','DES07','33.23.07.2007','MERGOWATI',7,'Desa Mergowati.geojson','#800000',NULL,'110.138808','-7.259710',NULL,NULL,NULL,NULL,NULL),
(89,'KEC07','DES08','33.23.07.2008','KUTOANYAR',7,'Desa Kutoanyar.geojson','#800000',NULL,'110.124046','-7.270875',NULL,NULL,NULL,NULL,NULL),
(90,'KEC07','DES09','33.23.07.2009','KUNDISARI',7,'Desa Kundisari.geojson','#800000',NULL,'110.123117','-7.260002',NULL,NULL,NULL,NULL,NULL),
(91,'KEC07','DES10','33.23.07.2010','NGADIMULYO',7,'Desa Ngadimulyo.geojson','#800000',NULL,'110.155345','-7.252707',NULL,NULL,NULL,NULL,NULL),
(92,'KEC07','DES11','33.23.07.2011','GONDANGWAYANG',7,'Desa Gondangwayang.geojson','#800000',NULL,'110.138882','-7.241601',NULL,NULL,NULL,NULL,NULL),
(93,'KEC07','DES12','33.23.07.2012','BOJONEGORO',7,'Desa Bojonegoro.geojson','#800000',NULL,'110.125148','-7.247408',NULL,NULL,NULL,NULL,NULL),
(94,'KEC07','DES13','33.23.07.2013','BANDUNGGEDE',7,'Desa Bandunggede.geojson','#800000',NULL,'110.101943','-7.242701',NULL,NULL,NULL,NULL,NULL),
(95,'KEC07','DES14','33.23.07.2014','TEGALSARI',7,'Desa Tegalsari.geojson','#800000',NULL,'110.103475','-7.256507',NULL,NULL,NULL,NULL,NULL),
(96,'KEC08','DES02','33.23.08.2002','CAMPURSALAM',8,'Desa Campursalam.geojson','#800000',NULL,'110.111595','-7.274645',NULL,NULL,NULL,NULL,NULL),
(97,'KEC08','DES03','33.23.08.2003','WANUTENGAH',8,'Desa Wanutengah.geojson','#800000',NULL,'110.108065','-7.286073',NULL,NULL,NULL,NULL,NULL),
(98,'KEC08','DES04','33.23.08.2004','NGLONDONG',8,'Desa Nglondong.geojson','#800000',NULL,'110.109117','-7.265882',NULL,NULL,NULL,NULL,NULL),
(99,'KEC08','DES05','33.23.08.2005','BAGUSAN',8,'Desa Bagusan.geojson','#800000',NULL,'110.092744','-7.257913',NULL,NULL,NULL,NULL,NULL),
(100,'KEC08','DES07','33.23.08.2007','DANGKEL',8,'Desa Dangkel.geojson','#800000',NULL,'110.093052','-7.279982',NULL,NULL,NULL,NULL,NULL),
(101,'KEC08','DES08','33.23.08.2008','MANDISARI',8,'Desa Mandisari.geojson','#800000',NULL,'110.097099','-7.271632',NULL,NULL,NULL,NULL,NULL),
(102,'KEC08','DES09','33.23.08.2009','TEGALROSO',8,'Desa Tegalroso.geojson','#800000',NULL,'110.085042','-7.267583',NULL,NULL,NULL,NULL,NULL),
(103,'KEC08','DES10','33.23.08.2010','TRAJI',8,'Desa Traji.geojson','#800000',NULL,'110.081486','-7.258712',NULL,NULL,NULL,NULL,NULL),
(104,'KEC08','DES11','33.23.08.2011','WATUKUMPUL',8,'Desa Watukumpul.geojson','#800000',NULL,'110.081513','-7.275804',NULL,NULL,NULL,NULL,NULL),
(105,'KEC08','DES12','33.23.08.2012','RINGINANOM',8,'Desa Ringinanom.geojson','#800000',NULL,'110.086245','-7.283218',NULL,NULL,NULL,NULL,NULL),
(106,'KEC08','DES13','33.23.08.2013','DEPOKHARJO',8,'Desa Depokharjo.geojson','#800000',NULL,'110.079942','-7.288236',NULL,NULL,NULL,NULL,NULL),
(107,'KEC08','DES14','33.23.08.2014','CATURANOM',8,'Desa Caturanom.geojson','#800000',NULL,'110.080352','-7.293227',NULL,NULL,NULL,NULL,NULL),
(108,'KEC08','DES15','33.23.08.2015','GLAPANSARI',8,'Desa Glapansari.geojson','#800000',NULL,'110.077275','-7.311317',NULL,NULL,NULL,NULL,NULL),
(109,'KEC08','DES16','33.23.08.2016','SUNGGINGSARI',8,'Desa Sunggingsari.geojson','#800000',NULL,'110.083678','-7.298632',NULL,NULL,NULL,NULL,NULL),
(110,'KEC09','DES01','33.23.09.2001','NGADIREJO',9,'Desa Ngadirejo.geojson','#800000',NULL,'110.060838','-7.233346',NULL,NULL,NULL,NULL,NULL),
(111,'KEC09','DES02','33.23.09.2002','GONDANGWINANGUN',9,'Desa Gondangwinangun.geojson','#800000',NULL,'110.051853','-7.231375',NULL,NULL,NULL,NULL,NULL),
(112,'KEC09','DES03','33.23.09.2003','GANDU WETAN',9,'Desa Ganduwetan.geojson','#800000',NULL,'110.067831','-7.232384',NULL,NULL,NULL,NULL,NULL),
(113,'KEC09','DES04','33.23.09.2004','NGAREN',9,'Desa Ngaren.geojson','#800000',NULL,'110.059756','-7.225448',NULL,NULL,NULL,NULL,NULL),
(114,'KEC09','DES05','33.23.09.2005','MANGUNSARI',9,'Desa Mangunsari.geojson','#800000',NULL,'110.053245','-7.220871',NULL,NULL,NULL,NULL,NULL),
(115,'KEC09','DES06','33.23.09.2006','DLIMOYO',9,'Desa Dlimoyo.geojson','#800000',NULL,'110.042406','-7.239297',NULL,NULL,NULL,NULL,NULL),
(116,'KEC09','DES07','33.23.09.2007','PURBOSARI',9,'Desa Purbosari.geojson','#800000',NULL,'110.031890','-7.246041',NULL,NULL,NULL,NULL,NULL),
(117,'KEC09','DES08','33.23.09.2008','CAMPURSARI',9,'Desa Campursari.geojson','#800000',NULL,'110.121027','-7.284496',NULL,NULL,NULL,NULL,NULL),
(118,'KEC09','DES09','33.23.09.2009','TEGALREJO',9,'Desa Tegalrejo.geojson','#800000',NULL,'110.102370','-7.295799',NULL,NULL,NULL,NULL,NULL),
(119,'KEC09','DES10','33.23.09.2010','GIRIPURNO',9,'Desa Giripurno.geojson','#800000',NULL,'110.019490','-7.267128',NULL,NULL,NULL,NULL,NULL),
(120,'KEC09','DES11','33.23.09.2011','KATEKAN',9,'Desa Katekan.geojson','#800000',NULL,'110.032097','-7.273615',NULL,NULL,NULL,NULL,NULL),
(121,'KEC09','DES12','33.23.09.2012','BANJARSARI',9,'Desa Banjarsari.geojson','#800000',NULL,'110.188731','-7.210066',NULL,NULL,NULL,NULL,NULL),
(122,'KEC09','DES13','33.23.09.2013','MEDARI',9,'Desa Medari.geojson','#800000',NULL,'110.069184','-7.259017',NULL,NULL,NULL,NULL,NULL),
(123,'KEC09','DES14','33.23.09.2014','KARANGGEDONG',9,'Desa Karanggedong.geojson','#800000',NULL,'110.079049','-7.249012',NULL,NULL,NULL,NULL,NULL),
(124,'KEC09','DES15','33.23.09.2015','MUNGGANGSARI',9,'Desa Munggangsari.geojson','#800000',NULL,'110.047255','-7.258296',NULL,NULL,NULL,NULL,NULL),
(125,'KEC09','DES16','33.23.09.2016','KATAAN',9,'Desa Kataan.geojson','#800000',NULL,'110.057949','-7.250705',NULL,NULL,NULL,NULL,NULL),
(126,'KEC09','DES17','33.23.09.2017','PETIREJO',9,'Desa Petirejo.geojson','#800000',NULL,'110.065225','-7.243776',NULL,NULL,NULL,NULL,NULL),
(127,'KEC09','DES18','33.23.09.2018','PRINGAPUS',9,'Desa Pringapus.geojson','#800000',NULL,'110.047658','-7.250048',NULL,NULL,NULL,NULL,NULL),
(128,'KEC09','DES20','33.23.09.2020','GEJAGAN',9,'Desa Gejagan.geojson','#800000',NULL,'110.045499','-7.245090',NULL,NULL,NULL,NULL,NULL),
(129,'KEC10','DES01','33.23.10.2001','JUMO',10,'Desa Jumo.geojson','#800000',NULL,'110.106089','-7.222703',NULL,NULL,NULL,NULL,NULL),
(130,'KEC10','DES02','33.23.10.2002','JAMUSAN',10,'Desa Jamusan.geojson','#800000',NULL,'110.117281','-7.221978',NULL,NULL,NULL,NULL,NULL),
(131,'KEC10','DES03','33.23.10.2003','KERTOSARI',10,'Blok Kertosari.geojson','#800000',NULL,'110.112451','-7.204087',NULL,NULL,NULL,NULL,NULL),
(132,'KEC10','DES04','33.23.10.2004','GIYONO',10,'Desa Giyono.geojson','#800000',NULL,'110.095073','-7.207523',NULL,NULL,NULL,NULL,NULL),
(133,'KEC10','DES05','33.23.10.2005','GUNUNGGEMPOL',10,'Desa Gununggempol.geojson','#800000',NULL,'110.102229','-7.212793',NULL,NULL,NULL,NULL,NULL),
(134,'KEC10','DES06','33.23.10.2006','PADURESO',10,'Desa Padureso.geojson','#800000',NULL,'110.101113','-7.229022',NULL,NULL,NULL,NULL,NULL),
(135,'KEC10','DES07','33.23.10.2007','BARANG',10,'Desa Barang.geojson','#800000',NULL,'110.087492','-7.222899',NULL,NULL,NULL,NULL,NULL),
(136,'KEC10','DES08','33.23.10.2008','JOMBOR',10,'Desa Jombor.geojson','#800000',NULL,'110.088684','-7.200386',NULL,NULL,NULL,NULL,NULL),
(137,'KEC10','DES09','33.23.10.2009','KETITANG',10,'Desa Ketitang.geojson','#800000',NULL,'110.077243','-7.207285',NULL,NULL,NULL,NULL,NULL),
(138,'KEC10','DES10','33.23.10.2010','MOROBONGO',10,'Desa Morobongo.geojson','#800000',NULL,'110.069104','-7.222260',NULL,NULL,NULL,NULL,NULL),
(139,'KEC10','DES11','33.23.10.2011','KARANGTEJO',10,'Desa Karangtejo.geojson','#800000',NULL,'110.150044','-7.267066',NULL,NULL,NULL,NULL,NULL),
(140,'KEC10','DES12','33.23.10.2012','SUKOMARTO',10,'Desa Sukomarto.geojson','#800000',NULL,'110.082724','-7.237386',NULL,NULL,NULL,NULL,NULL),
(141,'KEC10','DES13','33.23.10.2013','GEDONGSARI',10,'Desa Gedongsari.geojson','#800000',NULL,'110.118894','-7.232447',NULL,NULL,NULL,NULL,NULL),
(142,'KEC11','DES01','33.23.11.2001','TRETEP',11,'Desa Tretep.geojson','#800000',NULL,'110.011456','-7.173551',NULL,NULL,NULL,NULL,NULL),
(143,'KEC11','DES02','33.23.11.2002','DONOROJO',11,'Desa Donorojo.geojson','#800000',NULL,'110.001817','-7.168630',NULL,NULL,NULL,NULL,NULL),
(144,'KEC11','DES03','33.23.11.2003','NGLARANGAN',11,'Desa Nglarangan.geojson','#800000',NULL,'109.987639','-7.175892',NULL,NULL,NULL,NULL,NULL),
(145,'KEC11','DES04','33.23.11.2004','SIGEDONG',11,'Desa Sigedong.geojson','#800000',NULL,'109.976499','-7.188546',NULL,NULL,NULL,NULL,NULL),
(146,'KEC11','DES05','33.23.11.2005','BONJOR',11,'Desa Bonjor.geojson','#800000',NULL,'109.993291','-7.186120',NULL,NULL,NULL,NULL,NULL),
(147,'KEC11','DES06','33.23.11.2006','TEMPELSARI',11,'Desa Tempelsari.geojson','#800000',NULL,'109.980505','-7.197443',NULL,NULL,NULL,NULL,NULL),
(148,'KEC11','DES07','33.23.11.2007','CAMPUREJO',11,'Desa Campurejo.geojson','#800000',NULL,'109.979161','-7.206814',NULL,NULL,NULL,NULL,NULL),
(149,'KEC11','DES08','33.23.11.2008','BOJONG',11,'Desa Bojong.geojson','#800000',NULL,'110.012119','-7.185787',NULL,NULL,NULL,NULL,NULL),
(150,'KEC11','DES09','33.23.11.2009','BENDUNGAN',11,'Desa Bendungan.geojson','#800000',NULL,'110.025779','-7.167142',NULL,NULL,NULL,NULL,NULL),
(151,'KEC11','DES10','33.23.11.2010','SIMPAR',11,'Desa Simpar.geojson','#800000',NULL,'110.020153','-7.156322',NULL,NULL,NULL,NULL,NULL),
(152,'KEC11','DES11','33.23.11.2011','TLOGO',11,'Desa Tlogo.geojson','#800000','','110.041240','-7.138337',NULL,NULL,NULL,NULL,NULL),
(153,'KEC12','DES01','33.23.12.2001','CANDIROTO',12,'Desa Candiroto.geojson','#800000',NULL,'110.064163','-7.179688',NULL,NULL,NULL,NULL,NULL),
(154,'KEC12','DES02','33.23.12.2002','LEMPUYANG',12,'Desa Lempuyang.geojson','#800000',NULL,'110.054249','-7.173655',NULL,NULL,NULL,NULL,NULL),
(155,'KEC12','DES03','33.23.12.2003','CANGGAL',12,'Desa Canggal.geojson','#800000',NULL,'110.001982','-7.271050',NULL,NULL,NULL,NULL,NULL),
(156,'KEC12','DES04','33.23.12.2004','KENTENGSARI',12,'Desa Kentengsari.geojson','#800000',NULL,'110.026979','-7.233881',NULL,NULL,NULL,NULL,NULL),
(157,'KEC12','DES05','33.23.12.2005','NGABEYAN',12,'Desa Ngabeyan.geojson','#800000',NULL,'110.034601','-7.222072',NULL,NULL,NULL,NULL,NULL),
(158,'KEC12','DES06','33.23.12.2006','BANTIR',12,'Desa Bantir.geojson','#800000',NULL,'110.041775','-7.222096',NULL,NULL,NULL,NULL,NULL),
(159,'KEC12','DES07','33.23.12.2007','KRAWITAN',12,'Desa Krawitan.geojson','#800000',NULL,'110.041911','-7.212937',NULL,NULL,NULL,NULL,NULL),
(160,'KEC12','DES08','33.23.12.2008','MUNTUNG',12,'Desa Muntung.geojson','#800000',NULL,'110.053042','-7.211266',NULL,NULL,NULL,NULL,NULL),
(161,'KEC12','DES09','33.23.12.2009','BATURSARI',12,'Desa Batursari.geojson','#800000',NULL,'110.055556','-7.197052',NULL,NULL,NULL,NULL,NULL),
(162,'KEC12','DES10','33.23.12.2010','MENTO',12,'Desa Mento.geojson','#800000',NULL,'110.067179','-7.204409',NULL,NULL,NULL,NULL,NULL),
(163,'KEC12','DES11','33.23.12.2011','MUNENG',12,'Desa Muneng.geojson','#800000',NULL,'110.073542','-7.183159',NULL,NULL,NULL,NULL,NULL),
(164,'KEC12','DES12','33.23.12.2012','PLOSOGADEN',12,'Desa Plosogaden.geojson','#800000',NULL,'110.095782','-7.179881',NULL,NULL,NULL,NULL,NULL),
(165,'KEC12','DES13','33.23.12.2013','SIDOHARJO',12,'Desa Sidoharjo.geojson','#800000',NULL,'110.101648','-7.157838',NULL,NULL,NULL,NULL,NULL),
(166,'KEC12','DES14','33.23.12.2014','GUNUNGPAYUNG',12,'Desa Gunungpayung.geojson','#800000',NULL,'110.075211','-7.163805',NULL,NULL,NULL,NULL,NULL),
(167,'KEC13','DES02','33.23.13.2002','BADRAN',13,'Desa Badran.geojson','#800000',NULL,'110.217719','-7.360623',NULL,NULL,NULL,NULL,NULL),
(168,'KEC13','DES03','33.23.13.2003','BENGKAL',13,'Desa Bengkal.geojson','#800000',NULL,'110.220077','-7.383422',NULL,NULL,NULL,NULL,NULL),
(169,'KEC13','DES04','33.23.13.2004','PARE',13,'Desa Pare.geojson','#800000',NULL,'110.229563','-7.376430',NULL,NULL,NULL,NULL,NULL),
(170,'KEC13','DES05','33.23.13.2005','NGUWET',13,'Desa Nguwet.geojson','#800000',NULL,'110.230669','-7.363252',NULL,NULL,NULL,NULL,NULL),
(171,'KEC13','DES06','33.23.13.2006','NGROPOH',13,'Desa Ngropoh.geojson','#800000',NULL,'110.245672','-7.342399',NULL,NULL,NULL,NULL,NULL),
(172,'KEC13','DES07','33.23.13.2007','PENDOWO',13,'Desa Pendowo.geojson','#800000',NULL,'110.229158','-7.341259',NULL,NULL,NULL,NULL,NULL),
(173,'KEC13','DES08','33.23.13.2008','SANGGRAHAN',13,'Desa Sanggrahan.geojson','#800000',NULL,'110.222226','-7.326508',NULL,NULL,NULL,NULL,NULL),
(174,'KEC13','DES09','33.23.13.2009','KLEPU',13,'Desa Klepu.geojson','#800000',NULL,'110.307960','-7.315767',NULL,NULL,NULL,NULL,NULL),
(175,'KEC13','DES10','33.23.13.2010','KEMLOKO',13,'Desa Kemloko.geojson','#800000',NULL,'110.220856','-7.298133',NULL,NULL,NULL,NULL,NULL),
(176,'KEC13','DES11','33.23.13.2011','GENTAN',13,'Desa Gentan.geojson','#800000',NULL,'110.240426','-7.302846',NULL,NULL,NULL,NULL,NULL),
(177,'KEC13','DES12','33.23.13.2012','KRAMAT',13,'Desa Kramat.geojson','#800000',NULL,'110.256758','-7.311349',NULL,NULL,NULL,NULL,NULL),
(178,'KEC13','DES13','33.23.13.2013','PURWOSARI',13,'Desa Purwosari.geojson','#800000',NULL,'110.258457','-7.325321',NULL,NULL,NULL,NULL,NULL),
(179,'KEC14','DES01','33.23.14.2001','TLOGOMULYO',14,'Desa Tlogomulyo.geojson','#800000',NULL,'110.146714','-7.337762',NULL,NULL,NULL,NULL,NULL),
(180,'KEC14','DES02','33.23.14.2002','CANDISARI',14,'Desa Candisari.geojson','#800000',NULL,'110.147299','-7.323604',NULL,NULL,NULL,NULL,NULL),
(181,'KEC14','DES03','33.23.14.2003','SRIWUNGU',14,'Desa Sriwungu.geojson','#800000',NULL,'110.154448','-7.326734',NULL,NULL,NULL,NULL,NULL),
(182,'KEC14','DES04','33.23.14.2004','LANGGENG',14,'Desa Langgeng.geojson','#800000',NULL,'110.140845','-7.333156',NULL,NULL,NULL,NULL,NULL),
(183,'KEC14','DES05','33.23.14.2005','TANJUNGSARI',14,'Desa Tanjungsari.geojson','#800000',NULL,'110.158616','-7.334429',NULL,NULL,NULL,NULL,NULL),
(184,'KEC14','DES06','33.23.14.2006','LOSARI',14,'Desa Losari.geojson','#800000',NULL,'110.107296','-7.360983',NULL,NULL,NULL,NULL,NULL),
(185,'KEC14','DES07','33.23.14.2007','BALEREJO',14,'Desa Balerejo.geojson','#800000',NULL,'110.163278','-7.323530',NULL,NULL,NULL,NULL,NULL),
(186,'KEC14','DES08','33.23.14.2008','KEROKAN',14,'Desa Kerokan.geojson','#800000',NULL,'110.166277','-7.335966',NULL,NULL,NULL,NULL,NULL),
(187,'KEC14','DES09','33.23.14.2009','LEGOKSARI',14,'Desa Legoksari.geojson','#800000',NULL,'110.118170','-7.361429',NULL,NULL,NULL,NULL,NULL),
(188,'KEC14','DES10','33.23.14.2010','TLILIR',14,'Desa Tlilir.geojson','#800000',NULL,'110.131418','-7.355853',NULL,NULL,NULL,NULL,NULL),
(189,'KEC14','DES11','33.23.14.2011','GEDEGAN',14,'Desa Gedegan.geojson','#800000',NULL,'110.122501','-7.363205',NULL,NULL,NULL,NULL,NULL),
(190,'KEC14','DES12','33.23.14.2012','PAGERSARI',14,'Desa Pagersari.geojson','#800000',NULL,'110.107690','-7.350196',NULL,NULL,NULL,NULL,NULL),
(191,'KEC15','DES01','33.23.15.2001','SELOPAMPANG',15,'Desa Selopampang.geojson','#800000',NULL,'110.174017','-7.376159',NULL,NULL,NULL,NULL,NULL),
(192,'KEC15','DES02','33.23.15.2002','TANGGULANOM',15,'Desa Tanggulanom.geojson','#800000',NULL,'110.111253','-7.381311',NULL,NULL,NULL,NULL,NULL),
(193,'KEC15','DES03','33.23.15.2003','JETIS',15,'Desa Jetis.geojson','#800000',NULL,'110.134039','-7.375116',NULL,NULL,NULL,NULL,NULL),
(194,'KEC15','DES04','33.23.15.2004','SALAMREJO',15,'Desa Salamrejo.geojson','#800000',NULL,'110.160780','-7.381269',NULL,NULL,NULL,NULL,NULL),
(195,'KEC15','DES05','33.23.15.2005','NGADITIRTO',15,'Desa Ngaditirto.geojson','#800000',NULL,'110.150991','-7.371373',NULL,NULL,NULL,NULL,NULL),
(196,'KEC15','DES06','33.23.15.2006','BULAN',15,'Desa Bulan.geojson','#800000',NULL,'110.158817','-7.375336',NULL,NULL,NULL,NULL,NULL),
(197,'KEC15','DES07','33.23.15.2007','KACEPIT',15,'Desa Kecepit.geojson','#800000',NULL,'110.187629','-7.370412',NULL,NULL,NULL,NULL,NULL),
(198,'KEC15','DES08','33.23.15.2008','GAMBASAN',15,'Desa Gambasan.geojson','#800000',NULL,'110.185960','-7.378304',NULL,NULL,NULL,NULL,NULL),
(199,'KEC15','DES09','33.23.15.2009','BUMIAYU',15,'Desa Bumiayu.geojson','#800000',NULL,'110.203994','-7.369827',NULL,NULL,NULL,NULL,NULL),
(200,'KEC15','DES10','33.23.15.2010','KEBONAGUNG',15,'Desa Kebonagung.geojson','#800000',NULL,'110.197708','-7.378600',NULL,NULL,NULL,NULL,NULL),
(201,'KEC15','DES11','33.23.15.2011','BAGUSAN',15,'Desa Bagusan.geojson','#800000',NULL,'110.092744','-7.257913',NULL,NULL,NULL,NULL,NULL),
(202,'KEC15','DES12','33.23.15.2012','PLUMBON',15,'Desa Plumbon.geojson','#800000',NULL,'110.212222','-7.380451',NULL,NULL,NULL,NULL,NULL),
(203,'KEC17','DES01','33.23.17.2001','KLEDUNG',17,'Desa Kledung.geojson','#800000',NULL,'110.019528','-7.328177',NULL,NULL,NULL,NULL,NULL),
(204,'KEC17','DES02','33.23.17.2002','KALIREJO',17,'Desa Kalirejo.geojson','#800000',NULL,'110.067840','-7.299636',NULL,NULL,NULL,NULL,NULL),
(205,'KEC17','DES03','33.23.17.2003','PAPONAN',17,'Desa Paponan.geojson','#800000',NULL,'110.066560','-7.306981',NULL,NULL,NULL,NULL,NULL),
(206,'KEC17','DES04','33.23.17.2004','JEKETRO',17,'Desa Jeketro.geojson','#800000',NULL,'110.033781','-7.309468',NULL,NULL,NULL,NULL,NULL),
(207,'KEC17','DES05','33.23.17.2005','KWADUNGAN GUNUNG',17,'Desa Kwadungan Gunung.geojson','#800000',NULL,'110.041180','-7.313557',NULL,NULL,NULL,NULL,NULL),
(208,'KEC17','DES06','33.23.17.2006','KWADUNGAN JURANG',17,'Desa Kwadungan Jurang.geojson','#800000',NULL,'110.032953','-7.316060',NULL,NULL,NULL,NULL,NULL),
(209,'KEC17','DES07','33.23.17.2007','TLAHAP',17,'Desa Tlahap.geojson','#800000',NULL,'110.046585','-7.327472',NULL,NULL,NULL,NULL,NULL),
(210,'KEC17','DES08','33.23.17.2008','PETARANGAN',17,'Desa Petarangan.geojson','#800000',NULL,'110.068040','-7.344542',NULL,NULL,NULL,NULL,NULL),
(211,'KEC17','DES09','33.23.17.2009','CANGGAL',17,'Desa Canggal.geojson','#800000',NULL,'110.001982','-7.271050',NULL,NULL,NULL,NULL,NULL),
(212,'KEC17','DES10','33.23.17.2010','JAMBU',17,'Desa Jambu.geojson','#800000',NULL,'110.050524','-7.345842',NULL,NULL,NULL,NULL,NULL),
(213,'KEC17','DES11','33.23.17.2011','KRUWISAN',17,'Desa Kruwisan.geojson','#800000',NULL,'110.059063','-7.340744',NULL,NULL,NULL,NULL,NULL),
(214,'KEC17','DES12','33.23.17.2012','BATURSARI',17,'Desa Batursari.geojson','#800000',NULL,'110.055556','-7.197052',NULL,NULL,NULL,NULL,NULL),
(215,'KEC17','DES13','33.23.17.2013','TUKSARI',17,'Desa Tuksari.geojson','#800000',NULL,'110.037238','-7.305303',NULL,NULL,NULL,NULL,NULL),
(216,'KEC18','DES02','33.23.18.2002','BANJARSARI',18,'Desa Banjarsari.geojson','#800000',NULL,'110.188731','-7.210066',NULL,NULL,NULL,NULL,NULL),
(217,'KEC18','DES03','33.23.18.2003','JLEGONG',18,'Desa Jlegong.geojson','#800000',NULL,'110.056779','-7.132575',NULL,NULL,NULL,NULL,NULL),
(218,'KEC18','DES04','33.23.18.2004','PRANGKOKAN',18,'Desa Prangkokan.geojson','#800000',NULL,'110.045300','-7.148211',NULL,NULL,NULL,NULL,NULL),
(219,'KEC18','DES05','33.23.18.2005','LOWUNGU',18,'Desa Lowungu.geojson','#800000',NULL,'110.043494','-7.160199',NULL,NULL,NULL,NULL,NULL),
(220,'KEC18','DES06','33.23.18.2006','LARANGAN LUWOK',18,'Desa Laranganluwok.geojson','#800000',NULL,'110.064009','-7.154759',NULL,NULL,NULL,NULL,NULL),
(221,'KEC18','DES07','33.23.18.2007','CONGKRANG',18,'Desa Congkrang.geojson','#800000',NULL,'110.073505','-7.146899',NULL,NULL,NULL,NULL,NULL),
(222,'KEC18','DES08','33.23.18.2008','KEBONDALEM',18,'Desa Kebondalem.geojson','#800000',NULL,'110.087539','-7.143651',NULL,NULL,NULL,NULL,NULL),
(223,'KEC18','DES09','33.23.18.2009','KEMUNING',18,'Desa Kemuning.geojson','#800000',NULL,'110.101160','-7.134415',NULL,NULL,NULL,NULL,NULL),
(224,'KEC18','DES10','33.23.18.2010','SELOSABRANG',18,'Desa Selosabrang.geojson','#800000',NULL,'110.105754','-7.109739',NULL,NULL,NULL,NULL,NULL),
(225,'KEC18','DES11','33.23.18.2011','TANJUNGSARI',18,'Desa Tanjungsari.geojson','#800000',NULL,'110.158616','-7.334429',NULL,NULL,NULL,NULL,NULL),
(226,'KEC18','DES12','33.23.18.2012','PETUNG',18,'Desa Petung.geojson','#800000',NULL,'110.132570','-7.105667',NULL,NULL,NULL,NULL,NULL),
(227,'KEC18','DES13','33.23.18.2013','DUREN',18,'Desa Duren.geojson','#800000',NULL,'110.152183','-7.113627',NULL,NULL,NULL,NULL,NULL),
(228,'KEC18','DES14','33.23.18.2014','NGALIYAN',18,'Desa Ngaliyan.geojson','#800000',NULL,'110.182792','-7.096984',NULL,NULL,NULL,NULL,NULL),
(229,'KEC19','DES01','33.23.19.2001','WONOBOYO',19,'Desa Wonoboyo.geojson','#800000',NULL,'110.014757','-7.198658',NULL,NULL,NULL,NULL,NULL),
(230,'KEC19','DES02','33.23.19.2002','PATEKEN',19,'Desa Pateken.geojson','#800000',NULL,'110.037844','-7.205780',NULL,NULL,NULL,NULL,NULL),
(231,'KEC19','DES03','33.23.19.2003','PITROSARI',19,'Desa Pitrosari.geojson','#800000',NULL,'110.009989','-7.235530',NULL,NULL,NULL,NULL,NULL),
(232,'KEC19','DES04','33.23.19.2004','PURWOSARI',19,'Desa Purwosari.geojson','#800000',NULL,'110.258457','-7.325321',NULL,NULL,NULL,NULL,NULL),
(233,'KEC19','DES05','33.23.19.2005','KEBONSARI',19,'Blok Kebonsari.geojson','#800000',NULL,'110.025609','-7.205179',NULL,NULL,NULL,NULL,NULL),
(234,'KEC19','DES06','33.23.19.2006','SEMEN',19,'Desa Semen.geojson','#800000',NULL,'110.045108','-7.190273',NULL,NULL,NULL,NULL,NULL),
(235,'KEC19','DES07','33.23.19.2007','TENING',19,'Desa Tening.geojson','#800000',NULL,'110.040523','-7.174018',NULL,NULL,NULL,NULL,NULL),
(236,'KEC19','DES08','33.23.19.2008','WONOCOYO',19,'Desa Wonocoyo.geojson','#800000',NULL,'110.033391','-7.184140',NULL,NULL,NULL,NULL,NULL),
(237,'KEC19','DES09','33.23.19.2009','PESANTREN',19,'Desa Pesantren.geojson','#800000',NULL,'110.024506','-7.189870',NULL,NULL,NULL,NULL,NULL),
(238,'KEC19','DES10','33.23.19.2010','REJOSARI',19,'Desa Rejosari.geojson','#800000',NULL,'110.305607','-7.350467',NULL,NULL,NULL,NULL,NULL),
(239,'KEC19','DES11','33.23.19.2011','TAWANGSARI',19,'Desa Tawangsari.geojson','#800000',NULL,'110.160585','-7.363722',NULL,NULL,NULL,NULL,NULL),
(240,'KEC19','DES12','33.23.19.2012','CEMORO',19,'Desa Cemoro.geojson','#800000',NULL,'109.978142','-7.223826',NULL,NULL,NULL,NULL,NULL),
(241,'KEC19','DES13','33.23.19.2013','WATES',19,'Desa Wates.geojson','#800000',NULL,'109.951859','-7.213635',NULL,NULL,NULL,NULL,NULL),
(242,'KEC20','DES01','33.23.20.2001','GEMAWANG',20,'Desa Gemawang.geojson','#800000',NULL,'110.150268','-7.199528',NULL,NULL,NULL,NULL,NULL),
(243,'KEC20','DES02','33.23.20.2002','MUNCAR',20,'Desa Muncar.geojson','#800000',NULL,'110.161707','-7.158546',NULL,NULL,NULL,NULL,NULL),
(244,'KEC20','DES03','33.23.20.2003','KEMIRIOMBO',20,'Desa Kemiriombo.geojson','#800000',NULL,'110.128254','-7.170374',NULL,NULL,NULL,NULL,NULL),
(245,'KEC20','DES04','33.23.20.2004','NGADISEPI',20,'Desa Ngadisepi.geojson','#800000',NULL,'110.129790','-7.198287',NULL,NULL,NULL,NULL,NULL),
(246,'KEC20','DES05','33.23.20.2005','KREMPONG',20,'Desa Krempong.geojson','#800000',NULL,'110.166969','-7.188441',NULL,NULL,NULL,NULL,NULL),
(247,'KEC20','DES06','33.23.20.2006','SUCEN',20,'Desa Sucen.geojson','#800000',NULL,'110.180368','-7.186245',NULL,NULL,NULL,NULL,NULL),
(248,'KEC20','DES07','33.23.20.2007','KARANGSENENG',20,'Desa Karangseneng.geojson','#800000',NULL,'110.195953','-7.183822',NULL,NULL,NULL,NULL,NULL),
(249,'KEC20','DES08','33.23.20.2008','BANARAN',20,'Desa Banaran.geojson','#800000',NULL,'110.119420','-7.368104',NULL,NULL,NULL,NULL,NULL),
(250,'KEC20','DES09','33.23.20.2009','KALIBANGER',20,'Desa Kalibanger.geojson','#800000',NULL,'110.132661','-7.223059',NULL,NULL,NULL,NULL,NULL),
(251,'KEC20','DES10','33.23.20.2010','JAMBON',20,'Desa Jambon.geojson','#800000',NULL,'110.146656','-7.229549',NULL,NULL,NULL,NULL,NULL),
(252,'KEC16','DES01','33.23.16.2001','BANSARI',16,'Desa Bansari.geojson','#800000',NULL,'110.103968','-7.341029',NULL,NULL,NULL,NULL,NULL),
(253,'KEC16','DES02','33.23.16.2002','MOJOSARI',16,'Desa Mojosari.geojson','#800000',NULL,'110.067633','-7.286795',NULL,NULL,NULL,NULL,NULL),
(254,'KEC16','DES03','33.23.16.2003','REJOSARI',16,'Desa Rejosari.geojson','#800000',NULL,'110.305607','-7.350467',NULL,NULL,NULL,NULL,NULL),
(255,'KEC16','DES04','33.23.16.2004','GUNUNGSARI',16,'Desa Gunungsari.geojson','#800000',NULL,'110.057190','-7.275997',NULL,NULL,NULL,NULL,NULL),
(256,'KEC16','DES05','33.23.16.2005','BALESARI',16,'Desa Balesari.geojson','#800000',NULL,'110.059809','-7.294380',NULL,NULL,NULL,NULL,NULL),
(257,'KEC16','DES06','33.23.16.2006','PURBOREJO',16,'Desa Purborejo.geojson','#800000',NULL,'110.070098','-7.271168',NULL,NULL,NULL,NULL,NULL),
(258,'KEC16','DES07','33.23.16.2007','TLOGOWERO',16,'Desa Tlogowero.geojson','#800000',NULL,'110.032952','-7.302050',NULL,NULL,NULL,NULL,NULL),
(259,'KEC16','DES08','33.23.16.2008','MRANGGEN KIDUL',16,'Desa Mranggen Kidul.geojson','#800000',NULL,'110.034849','-7.297952',NULL,NULL,NULL,NULL,NULL),
(260,'KEC16','DES09','33.23.16.2009','MRANGGEN TENGAH',16,'Desa Mranggen Tengah.geojson','#800000',NULL,'110.035809','-7.292930',NULL,NULL,NULL,NULL,NULL),
(261,'KEC16','DES10','33.23.16.2010','CANDISARI',16,'Desa Candisari.geojson','#800000',NULL,'110.147299','-7.323604',NULL,NULL,NULL,NULL,NULL),
(262,'KEC16','DES11','33.23.16.2011','CAMPURANOM',16,'Desa Campuranom.geojson','#800000',NULL,'110.070883','-7.291733',NULL,NULL,NULL,NULL,NULL),
(263,'KEC16','DES12','33.23.16.2012','GENTINGSARI',16,'Desa Gentingsari.geojson','#800000',NULL,'110.069073','-7.281581',NULL,NULL,NULL,NULL,NULL),
(264,'KEC16','DES13','33.23.16.2013','TANUREJO',16,'Desa Tanurejo.geojson','#800000',NULL,'110.076697','-7.282703',NULL,NULL,NULL,NULL,NULL),
(265,'KEC04','DES09','33.23.04.2009','PINGIT',4,'Desa Pingit.geojson','#800000',NULL,'110.319741','-7.322482',NULL,NULL,NULL,NULL,NULL),
(266,'KEC02','DES14','33.23.02.2004','WONOKERSO',2,'Desa Wonokerso.geojson','#800000',NULL,'110.301292','-7.279718',NULL,NULL,NULL,NULL,NULL),
(267,'KEC03','DES24','33.23.03.1001','TEMANGGUNG I',3,'Blok Temanggung I.geojson','#800000',NULL,'110.179836','-7.313133',NULL,NULL,NULL,NULL,NULL),
(268,'KEC03','DES25','33.23.03.1002','TEMANGGUNG II',3,'Blok Temanggung II.geojson','#800000',NULL,'110.174887','-7.314644',NULL,NULL,NULL,NULL,NULL),
(269,'KEC03','DES26','33.23.03.1003','BUTUH',3,'Blok Butuh.geojson','#800000',NULL,'110.178970','-7.319946',NULL,NULL,NULL,NULL,NULL),
(270,'KEC03','DES27','33.23.03.1004','JAMPIROSO',3,'Blok Jampiroso.geojson','#800000',NULL,'110.183025','-7.318900',NULL,NULL,NULL,NULL,NULL),
(271,'KEC03','DES28','33.23.03.1005','JAMPIREJO',3,'Blok Jampirejo.geojson','#800000',NULL,'110.189380','-7.327074',NULL,NULL,NULL,NULL,NULL),
(272,'KEC03','DES29','33.23.03.1006','KERTOSARI',3,'Blok Kertosari.geojson','#800000',NULL,'110.112451','-7.204087',NULL,NULL,NULL,NULL,NULL),
(273,'KEC03','DES30','33.23.03.1007','BANYUURIP',3,'Blok Banyuurip.geojson','#800000',NULL,'110.187390','-7.313011',NULL,NULL,NULL,NULL,NULL),
(274,'KEC03','DES31','33.23.03.1008','KOWANGAN',3,'Blok Kowangan.geojson','#800000',NULL,'110.200159','-7.321420',NULL,NULL,NULL,NULL,NULL),
(275,'KEC03','DES32','33.23.03.1009','JURANG',3,'Blok Jurang.geojson','#800000',NULL,'110.170908','-7.302169',NULL,NULL,NULL,NULL,NULL),
(276,'KEC03','DES33','33.23.03.1010','TLOGOREJO',3,'Blok Tlogorejo.geojson','#800000',NULL,'110.157960','-7.296998',NULL,NULL,NULL,NULL,NULL),
(277,'KEC03','DES34','33.23.03.1012','KEBONSARI',3,'Blok Kebonsari.geojson','#800000',NULL,'110.025609','-7.205179',NULL,NULL,NULL,NULL,NULL),
(278,'KEC03','DES35','33.23.03.1013','MANDING',3,'Blok Manding.geojson','#800000',NULL,'110.166162','-7.312009',NULL,NULL,NULL,NULL,NULL),
(279,'KEC03','DES36','33.23.03.1014','MUNGSENG',3,'Blok Mungseng.geojson','#800000',NULL,'110.167962','-7.325157',NULL,NULL,NULL,NULL,NULL),
(280,'KEC03','DES37','33.23.03.1015','PURWOREJO',3,'Blok Purworejo.geojson','#800000',NULL,'110.176597','-7.333042',NULL,NULL,NULL,NULL,NULL),
(281,'KEC03','DES38','33.23.03.1016','GIYANTI',3,'Blok Giyanti.geojson','#800000',NULL,'110.178057','-7.325651',NULL,NULL,NULL,NULL,NULL),
(282,'KEC03','DES39','33.23.03.1018','MADURESO',3,'Blok Madureso.geojson','#800000',NULL,'110.200329','-7.336320',NULL,NULL,NULL,NULL,NULL),
(283,'KEC03','DES40','33.23.03.1022','SIDOREJO',3,'Blok Sidorejo.geojson','#800000',NULL,'110.178170','-7.299219',NULL,NULL,NULL,NULL,NULL),
(284,'KEC03','DES41','33.23.03.1025','WALITELON UTARA',3,'Blok Walitelon Utara.geojson','#800000',NULL,'110.191463','-7.297655',NULL,NULL,NULL,NULL,NULL),
(285,'KEC03','DES42','33.23.03.1026','WALITELON SELATAN',3,'Blok Walitelon Selatan.geojson','#800000',NULL,'110.188212','-7.306791',NULL,NULL,NULL,NULL,NULL),
(286,'KEC08','DES17','33.23.08.1001','PARAKAN WETAN',8,'Desa Parakan Wetan.geojson','#800000',NULL,'110.104974','-7.281078',NULL,NULL,NULL,NULL,NULL),
(287,'KEC08','DES18','33.23.08.1006','PARAKAN KAUMAN',8,'Desa Parakan Kauman.geojson','#800000',NULL,'110.095070','-7.285924',NULL,NULL,NULL,NULL,NULL),
(288,'KEC09','DES21','33.23.09.1019','MANGGONG',9,'Kelurahan Manggong.geojson','#800000',NULL,'110.060888','-7.238284',NULL,NULL,NULL,NULL,NULL),
(289,'KEC13','DES14','33.23.13.1001','KRANGGAN',13,'Desa Kranggan.geojson','#800000',NULL,'110.214312','-7.346667',NULL,NULL,NULL,NULL,NULL);

/*Table structure for table `m_jenis_kerusakan` */

DROP TABLE IF EXISTS `m_jenis_kerusakan`;

CREATE TABLE `m_jenis_kerusakan` (
  `id_m_jenis_kerusakan` int(11) NOT NULL AUTO_INCREMENT,
  `jenis_kerusakan` varchar(50) DEFAULT NULL,
  `created_at` datetime DEFAULT NULL,
  `created_by` varchar(20) DEFAULT NULL,
  `updated_at` datetime DEFAULT NULL,
  `updated_by` varchar(20) DEFAULT NULL,
  `isactive` int(1) DEFAULT NULL,
  PRIMARY KEY (`id_m_jenis_kerusakan`)
) ENGINE=InnoDB DEFAULT CHARSET=latin1;

/*Data for the table `m_jenis_kerusakan` */

/*Table structure for table `m_kecamatan` */

DROP TABLE IF EXISTS `m_kecamatan`;

CREATE TABLE `m_kecamatan` (
  `id_kecamatan` int(11) NOT NULL AUTO_INCREMENT,
  `kode_kecamatan` varchar(5) DEFAULT NULL,
  `kode_kecamatan_dagri` varchar(50) DEFAULT NULL,
  `nama_kecamatan` varchar(20) DEFAULT NULL,
  `geo_file` varchar(50) DEFAULT NULL,
  `geo_color` varchar(10) DEFAULT NULL,
  `geo_icon` varchar(20) DEFAULT NULL,
  `long` varchar(6) DEFAULT NULL,
  `lat` varchar(6) DEFAULT NULL,
  `created_at` datetime DEFAULT NULL,
  `created_by` varchar(20) DEFAULT NULL,
  `updated_at` datetime DEFAULT NULL,
  `updated_by` varchar(20) DEFAULT NULL,
  `isactive` int(1) DEFAULT NULL,
  PRIMARY KEY (`id_kecamatan`) USING BTREE
) ENGINE=InnoDB AUTO_INCREMENT=21 DEFAULT CHARSET=latin1 ROW_FORMAT=DYNAMIC;

/*Data for the table `m_kecamatan` */

insert  into `m_kecamatan`(`id_kecamatan`,`kode_kecamatan`,`kode_kecamatan_dagri`,`nama_kecamatan`,`geo_file`,`geo_color`,`geo_icon`,`long`,`lat`,`created_at`,`created_by`,`updated_at`,`updated_by`,`isactive`) values 
(1,'KEC01','33.23.01','BULU','BULU.geojson','#FFFF00',NULL,NULL,NULL,NULL,NULL,NULL,NULL,NULL),
(2,'KEC02','33.23.02','TEMBARAK','TEMBARAK.geojson','#FFFF00',NULL,NULL,NULL,NULL,NULL,NULL,NULL,NULL),
(3,'KEC03','33.23.03','TEMANGGUNG','TEMANGGUNG.geojson','#FFFF00',NULL,NULL,NULL,NULL,NULL,NULL,NULL,NULL),
(4,'KEC04','33.23.04','PRINGSURAT','PRINGSURAT.geojson','#FFFF00',NULL,NULL,NULL,NULL,NULL,NULL,NULL,NULL),
(5,'KEC05','33.23.05','KALORAN','KALORAN.geojson','#FFFF00',NULL,NULL,NULL,NULL,NULL,NULL,NULL,NULL),
(6,'KEC06','33.23.06','KANDANGAN','KANDANGAN.geojson','#FFFF00',NULL,NULL,NULL,NULL,NULL,NULL,NULL,NULL),
(7,'KEC07','33.23.07','KEDU','KEDU.geojson','#FFFF00',NULL,NULL,NULL,NULL,NULL,NULL,NULL,NULL),
(8,'KEC08','33.23.08','PARAKAN','PARAKAN.geojson','#FFFF00',NULL,NULL,NULL,NULL,NULL,NULL,NULL,NULL),
(9,'KEC09','33.23.09','NGADIREJO','NGADIREJO.geojson','#FFFF00',NULL,NULL,NULL,NULL,NULL,NULL,NULL,NULL),
(10,'KEC10','33.23.10','JUMO','JUMO.geojson','#FFFF00',NULL,NULL,NULL,NULL,NULL,NULL,NULL,NULL),
(11,'KEC11','33.23.11','TRETEP','TRETEP.geojson','#FFFF00',NULL,NULL,NULL,NULL,NULL,NULL,NULL,NULL),
(12,'KEC12','33.23.12','CANDIROTO','CANDIROTO.geojson','#FFFF00',NULL,NULL,NULL,NULL,NULL,NULL,NULL,NULL),
(13,'KEC13','33.23.13','KRANGGAN','KRANGGAN.geojson','#FFFF00',NULL,NULL,NULL,NULL,NULL,NULL,NULL,NULL),
(14,'KEC14','33.23.14','TLOGOMULYO','TLOGOMULYO.geojson','#FFFF00',NULL,NULL,NULL,NULL,NULL,NULL,NULL,NULL),
(15,'KEC15','33.23.15','SELOPAMPANG','SELOPAMPANG.geojson','#FFFF00',NULL,NULL,NULL,NULL,NULL,NULL,NULL,NULL),
(16,'KEC16','33.23.16','BANSARI','BANSARI.geojson','#FFFF00',NULL,NULL,NULL,NULL,NULL,NULL,NULL,NULL),
(17,'KEC17','33.23.17','KLEDUNG','KLEDUNG.geojson','#FFFF00',NULL,NULL,NULL,NULL,NULL,NULL,NULL,NULL),
(18,'KEC18','33.23.18','BEJEN','BEJEN.geojson','#FFFF00',NULL,NULL,NULL,NULL,NULL,NULL,NULL,NULL),
(19,'KEC19','33.23.19','WONOBOYO','WONOBOYO.geojson','#FFFF00',NULL,NULL,NULL,NULL,NULL,NULL,NULL,NULL),
(20,'KEC20','33.23.20','GEMAWANG','GEMAWANG.geojson','#FFFF00',NULL,NULL,NULL,NULL,NULL,NULL,NULL,NULL);

/*Table structure for table `m_kejadian` */

DROP TABLE IF EXISTS `m_kejadian`;

CREATE TABLE `m_kejadian` (
  `id_m_kejadian` int(11) NOT NULL AUTO_INCREMENT,
  `nama_kejadian` varchar(200) DEFAULT NULL,
  `id_m_bencana` int(11) DEFAULT NULL,
  `created_at` datetime DEFAULT NULL,
  `created_by` varchar(20) DEFAULT NULL,
  `updated_at` datetime DEFAULT NULL,
  `update_by` varchar(20) DEFAULT NULL,
  `isactive` int(1) DEFAULT NULL,
  PRIMARY KEY (`id_m_kejadian`)
) ENGINE=InnoDB DEFAULT CHARSET=latin1;

/*Data for the table `m_kejadian` */

/*Table structure for table `m_klasifikasi` */

DROP TABLE IF EXISTS `m_klasifikasi`;

CREATE TABLE `m_klasifikasi` (
  `id_m_klasifikasi` int(11) NOT NULL DEFAULT '0',
  `klasifikasi` varchar(20) DEFAULT NULL,
  `created_at` datetime DEFAULT NULL,
  `created_by` varchar(20) DEFAULT NULL,
  `updated_at` datetime DEFAULT NULL,
  `updated_by` varchar(20) DEFAULT NULL,
  `isactive` int(1) DEFAULT NULL
) ENGINE=InnoDB DEFAULT CHARSET=latin1;

/*Data for the table `m_klasifikasi` */

/*Table structure for table `m_status_kerusakan` */

DROP TABLE IF EXISTS `m_status_kerusakan`;

CREATE TABLE `m_status_kerusakan` (
  `id_m_status_kerusakan` int(11) NOT NULL AUTO_INCREMENT,
  `status_kerusakan` varchar(10) DEFAULT NULL,
  `created_at` datetime DEFAULT NULL,
  `created_by` varchar(20) DEFAULT NULL,
  `updated_at` datetime DEFAULT NULL,
  `updated_by` varchar(20) DEFAULT NULL,
  `isactive` int(1) DEFAULT NULL,
  PRIMARY KEY (`id_m_status_kerusakan`)
) ENGINE=InnoDB DEFAULT CHARSET=latin1;

/*Data for the table `m_status_kerusakan` */

/*Table structure for table `m_status_korban` */

DROP TABLE IF EXISTS `m_status_korban`;

CREATE TABLE `m_status_korban` (
  `id_m_status_korban` int(11) NOT NULL AUTO_INCREMENT,
  `status_korban` varchar(50) DEFAULT NULL,
  `created_at` datetime DEFAULT NULL,
  `created_by` varchar(20) DEFAULT NULL,
  `updated_at` datetime DEFAULT NULL,
  `updated_by` varchar(20) DEFAULT NULL,
  `isactive` int(1) DEFAULT NULL,
  PRIMARY KEY (`id_m_status_korban`)
) ENGINE=InnoDB DEFAULT CHARSET=latin1;

/*Data for the table `m_status_korban` */

/*Table structure for table `master_access` */

DROP TABLE IF EXISTS `master_access`;

CREATE TABLE `master_access` (
  `id` int(11) NOT NULL AUTO_INCREMENT,
  `nm_access` varchar(255) DEFAULT NULL,
  `note` text,
  `created_at` datetime DEFAULT NULL,
  `created_by` int(11) DEFAULT NULL,
  PRIMARY KEY (`id`) USING BTREE
) ENGINE=InnoDB AUTO_INCREMENT=10 DEFAULT CHARSET=latin1 ROW_FORMAT=COMPACT;

/*Data for the table `master_access` */

insert  into `master_access`(`id`,`nm_access`,`note`,`created_at`,`created_by`) values 
(1,'M_USERS','MENU USER',NULL,1),
(4,'M_LAPORAN','MENU LAPORAN',NULL,1),
(5,'M_SY_CONFIG','MENU SISTEM',NULL,1),
(6,'M_BERANDA','',NULL,1),
(7,'M_MASTER','',NULL,1),
(8,'M_KP','Akses ke menu KP','2023-10-31 11:21:20',1),
(9,'M_PANDUAN','Akses ke menu Panduan','2023-11-30 10:38:07',78947);

/*Table structure for table `sy_config` */

DROP TABLE IF EXISTS `sy_config`;

CREATE TABLE `sy_config` (
  `id` int(11) NOT NULL AUTO_INCREMENT,
  `conf_name` varchar(50) DEFAULT NULL,
  `conf_val` varchar(500) DEFAULT NULL,
  `note` varchar(200) DEFAULT NULL,
  PRIMARY KEY (`id`) USING BTREE
) ENGINE=InnoDB AUTO_INCREMENT=33 DEFAULT CHARSET=latin1 ROW_FORMAT=COMPACT;

/*Data for the table `sy_config` */

insert  into `sy_config`(`id`,`conf_name`,`conf_val`,`note`) values 
(3,'APP_NAME','Kenaikan Pangkat BKPSDM Kab. Temanggung',''),
(8,'OPD_NAME','BKPSDM Kab. Temanggung',''),
(9,'LEFT_FOOTER','<strong>Copyright</strong> <a href=\"#\" target=\"_blank\">KP BKPSDM</a>   2023',''),
(10,'RIGHT_FOOTER','BKPSDM Kab. Temanggung',''),
(11,'APP_DESC','Kenaikan pangkat adalah penghargaan yang diberikan atas prestasi kerja dan pengabdian Pegawai Negeri Sipil terhadap Negara, serta sebagai dorongan kepada Pegawai Negeri Sipil untuk lebih meningkatkan prestasi kerja dan pengabdiannya.','-'),
(12,'OPD_ADDR','BKPDSM Kab. Temanggung',''),
(13,'VISI_MISI','KP',''),
(14,'APP_TELP','089636xxx456',''),
(15,'APP_EMAIL','bkpsdm@mail.com',''),
(16,'APP_FB','https://www.facebook.com',''),
(17,'APP_TWITTER','https://twitter.com',''),
(18,'APP_IG','https://instagram.com',''),
(19,'META_KEYWORDS','bkpsdm, temanggung, kp, kenaikan pangkat, simpeg','-'),
(20,'META_AUTHOR','Dinkominfo Kab. Temanggung','-'),
(21,'META_DESC','Aplikasi Kenaikan Pangkat BKPSDM','-'),
(22,'ALUR_DESC','Kenaikan pangkat adalah penghargaan yang diberikan atas prestasi kerja dan pengabdian Pegawai Negeri Sipil terhadap Negara, serta sebagai dorongan kepada Pegawai Negeri Sipil untuk lebih meningkatkan prestasi kerja dan pengabdiannya.',NULL),
(23,'ALUR_JUDUL','Alur permohonan <STRONG>KP</STRONG> (Kenaikan Pangkat)',NULL),
(24,'ALUR_SUB_1','Pengajuan',NULL),
(25,'ALUR_SUB_2','Pemberkasan',NULL),
(26,'ALUR_SUB_3','Verifikasi',NULL),
(27,'ALUR_SUB_4','Selesai',NULL),
(28,'ALUR_DESC_1','Admin Dinas Pemohon melakukan pengajuan data Kenaikan Pangkat',NULL),
(29,'ALUR_DESC_2','Pemohon melengkapi berkas pengajuan Kenaikan Pangkat',NULL),
(30,'ALUR_DESC_3','Admin BKPSDM melakukan verifikasi pembayaran',NULL),
(31,'ALUR_DESC_4','Hasil pengajuan Kenaikan Pangkat',NULL),
(32,'APP_SHORT','KP',NULL);

/*Table structure for table `user_access` */

DROP TABLE IF EXISTS `user_access`;

CREATE TABLE `user_access` (
  `id` int(11) NOT NULL AUTO_INCREMENT,
  `id_group` int(11) DEFAULT NULL,
  `kd_access` varchar(12) DEFAULT NULL,
  `nm_access` varbinary(100) DEFAULT NULL,
  `is_allow` int(1) DEFAULT NULL COMMENT '0=false,1=true',
  `note` text,
  PRIMARY KEY (`id`) USING BTREE
) ENGINE=InnoDB AUTO_INCREMENT=19 DEFAULT CHARSET=latin1 ROW_FORMAT=COMPACT;

/*Data for the table `user_access` */

insert  into `user_access`(`id`,`id_group`,`kd_access`,`nm_access`,`is_allow`,`note`) values 
(1,1,'1',NULL,1,NULL),
(2,1,'5',NULL,1,NULL),
(3,1,'6',NULL,1,NULL),
(4,1,'7',NULL,1,NULL),
(5,2,'7',NULL,1,NULL),
(6,2,'6',NULL,1,NULL),
(7,3,'6',NULL,1,NULL),
(8,1,'8',NULL,1,NULL),
(9,2,'8',NULL,1,NULL),
(10,3,'8',NULL,1,NULL),
(11,4,'8',NULL,1,NULL),
(12,1,'4',NULL,1,NULL),
(13,3,'4',NULL,1,NULL),
(14,6,'8',NULL,1,NULL),
(15,1,'9',NULL,1,NULL),
(16,2,'9',NULL,1,NULL),
(17,3,'9',NULL,1,NULL),
(18,4,'9',NULL,1,NULL);

/*Table structure for table `user_group` */

DROP TABLE IF EXISTS `user_group`;

CREATE TABLE `user_group` (
  `id` int(11) NOT NULL AUTO_INCREMENT,
  `group_name` varchar(255) DEFAULT NULL,
  `note` text,
  `created_by` int(11) DEFAULT NULL,
  `created_at` datetime DEFAULT NULL,
  `updated_by` int(11) DEFAULT NULL,
  `updated_at` datetime DEFAULT NULL,
  PRIMARY KEY (`id`) USING BTREE
) ENGINE=InnoDB AUTO_INCREMENT=9 DEFAULT CHARSET=latin1 ROW_FORMAT=COMPACT;

/*Data for the table `user_group` */

insert  into `user_group`(`id`,`group_name`,`note`,`created_by`,`created_at`,`updated_by`,`updated_at`) values 
(1,'Super Admin','-',0,NULL,0,NULL),
(2,'Admin','-',0,NULL,0,NULL),
(3,'SKPD','-',0,'0000-00-00 00:00:00',0,'0000-00-00 00:00:00'),
(4,'Personal',NULL,NULL,NULL,NULL,NULL),
(5,'Tamu',NULL,NULL,NULL,NULL,NULL),
(6,'Unit SKPD',NULL,NULL,NULL,NULL,NULL),
(8,'Tamu',NULL,NULL,NULL,NULL,NULL);

/*Table structure for table `users` */

DROP TABLE IF EXISTS `users`;

CREATE TABLE `users` (
  `id_user` int(11) NOT NULL AUTO_INCREMENT,
  `fullname` varchar(250) DEFAULT NULL,
  `username` varchar(50) DEFAULT NULL,
  `password` varchar(250) DEFAULT NULL,
  `email` varchar(250) DEFAULT NULL,
  `id_group` int(11) DEFAULT NULL COMMENT 'fk dari tabel user_group',
  `foto` varchar(250) DEFAULT NULL,
  `telp` varchar(250) DEFAULT NULL,
  `note` text,
  `created_by` int(11) DEFAULT NULL,
  `updated_by` int(11) DEFAULT NULL,
  `created_at` datetime DEFAULT NULL,
  `updated_at` datetime DEFAULT NULL,
  `note_1` text,
  `ip` varchar(15) DEFAULT NULL,
  `last_login` datetime DEFAULT NULL,
  `id_cabang` varchar(30) DEFAULT NULL,
  PRIMARY KEY (`id_user`) USING BTREE
) ENGINE=InnoDB AUTO_INCREMENT=4 DEFAULT CHARSET=latin1 ROW_FORMAT=COMPACT;

/*Data for the table `users` */

insert  into `users`(`id_user`,`fullname`,`username`,`password`,`email`,`id_group`,`foto`,`telp`,`note`,`created_by`,`updated_by`,`created_at`,`updated_at`,`note_1`,`ip`,`last_login`,`id_cabang`) values 
(1,'Developer','dev','$2y$10$wA7iFl480u6xb4MQm.YxveMXwBstNJ/iCOwKHh0nrm82YGyl61rFm','dev@mail.com',1,'a4.jpg','085xxxxxx','',1,1,'2018-03-13 03:06:55','2020-04-03 09:50:11','','','2019-08-27 20:12:45',''),
(2,'Admin','admin','$2y$10$wA7iFl480u6xb4MQm.YxveMXwBstNJ/iCOwKHh0nrm82YGyl61rFm',NULL,2,NULL,NULL,NULL,NULL,NULL,NULL,NULL,NULL,NULL,NULL,NULL),
(3,'SKPD','skpd','$2y$10$wA7iFl480u6xb4MQm.YxveMXwBstNJ/iCOwKHh0nrm82YGyl61rFm',NULL,3,NULL,NULL,NULL,NULL,NULL,NULL,NULL,NULL,NULL,NULL,NULL);

/*!40101 SET SQL_MODE=@OLD_SQL_MODE */;
/*!40014 SET FOREIGN_KEY_CHECKS=@OLD_FOREIGN_KEY_CHECKS */;
/*!40014 SET UNIQUE_CHECKS=@OLD_UNIQUE_CHECKS */;
/*!40111 SET SQL_NOTES=@OLD_SQL_NOTES */;
